label,x0,x1,x2,x3,x4,x5,x6,x7,x8,x9,x10,x11,x12,x13,x14,x15,x16,x17,x18,x19,x20,y0,y1,y2,y3,y4,y5,y6,y7,y8,y9,y10,y11,y12,y13,y14,y15,y16,y17,y18,y19,y20
A,0.0,-0.0790591835975647,-0.12613445520401,-0.14076954126358032,-0.15406513214111328,-0.093453049659729,-0.09963411092758179,-0.09994059801101685,-0.09794330596923828,-0.0437275767326355,-0.05244171619415283,-0.05854511260986328,-0.06548386812210083,-0.00033932924270629883,-0.008675992488861084,-0.018230020999908447,-0.026653766632080078,0.04583531618118286,0.03488832712173462,0.025416970252990723,0.01741999387741089,0.0,-0.05072683095932007,-0.14363199472427368,-0.24030578136444092,-0.31598639488220215,-0.30507469177246094,-0.4111519455909729,-0.46625298261642456,-0.517067939043045,-0.31288212537765503,-0.43157052993774414,-0.4896279573440552,-0.5405045449733734,-0.2993522882461548,-0.4090600609779358,-0.4665633738040924,-0.5131227970123291,-0.26654213666915894,-0.35704803466796875,-0.40966570377349854,-0.45679211616516113
A,0.0,-0.07648354768753052,-0.12356030941009521,-0.14207684993743896,-0.15683579444885254,-0.09252607822418213,-0.09948509931564331,-0.10131323337554932,-0.10068190097808838,-0.04365408420562744,-0.052652716636657715,-0.05794942378997803,-0.06561362743377686,-0.0006133913993835449,-0.008887767791748047,-0.01832348108291626,-0.027418851852416992,0.0467265248298645,0.03323084115982056,0.023669123649597168,0.01406550407409668,0.0,-0.05035591125488281,-0.14644718170166016,-0.24248695373535156,-0.3180394768714905,-0.30250853300094604,-0.40465039014816284,-0.45959243178367615,-0.5119462311267853,-0.31136077642440796,-0.42664074897766113,-0.48305946588516235,-0.5359762907028198,-0.29815828800201416,-0.40558210015296936,-0.46156370639801025,-0.5094510912895203,-0.2652096152305603,-0.35853201150894165,-0.4105892479419708,-0.4581775665283203
A,0.0,-0.07433336973190308,-0.1200108528137207,-0.13823723793029785,-0.15115714073181152,-0.09529709815979004,-0.10102522373199463,-0.10184979438781738,-0.10039860010147095,-0.04623532295227051,-0.0555722713470459,-0.05955857038497925,-0.06751120090484619,-0.003959536552429199,-0.0123862624168396,-0.02195686101913452,-0.031101644039154053,0.04533737897872925,0.03129357099533081,0.022824347019195557,0.01364976167678833,0.0,-0.046997249126434326,-0.13845294713974,-0.2333102822303772,-0.3089768886566162,-0.2945152521133423,-0.3960951268672943,-0.4509817063808441,-0.5033100545406342,-0.3038514256477356,-0.4180036187171936,-0.47266852855682373,-0.5289326012134552,-0.2914664149284363,-0.3970034122467041,-0.4512779712677002,-0.4996475875377655,-0.2595956325531006,-0.35072940587997437,-0.4025799632072449,-0.45221811532974243
A,0.0,-0.07337450981140137,-0.12250518798828125,-0.14250046014785767,-0.1519743800163269,-0.09623360633850098,-0.10214871168136597,-0.10272657871246338,-0.10093605518341064,-0.047885000705718994,-0.05772507190704346,-0.061722397804260254,-0.06953626871109009,-0.004906713962554932,-0.015236318111419678,-0.025838792324066162,-0.036747097969055176,0.04411482810974121,0.0281028151512146,0.01824474334716797,0.008013904094696045,0.0,-0.04564100503921509,-0.13581198453903198,-0.22927725315093994,-0.3043215274810791,-0.2872239947319031,-0.3879229426383972,-0.44343501329421997,-0.4970278739929199,-0.2980591058731079,-0.41026926040649414,-0.46687400341033936,-0.5246661901473999,-0.28722792863845825,-0.39237117767333984,-0.44914543628692627,-0.5005260109901428,-0.2576989531517029,-0.34741663932800293,-0.4000212252140045,-0.45077061653137207
A,0.0,-0.07232147455215454,-0.12340402603149414,-0.14472413063049316,-0.15419495105743408,-0.09703004360198975,-0.10343605279922485,-0.10429161787033081,-0.10255271196365356,-0.04806065559387207,-0.0585363507270813,-0.06313109397888184,-0.07036304473876953,-0.00381314754486084,-0.014111518859863281,-0.024393737316131592,-0.03512531518936157,0.04485964775085449,0.028787434101104736,0.018975496292114258,0.009055376052856445,0.0,-0.0439034104347229,-0.13542485237121582,-0.2300034761428833,-0.3062228560447693,-0.2871561050415039,-0.3903088867664337,-0.44729238748550415,-0.5008476376533508,-0.297773540019989,-0.41356566548347473,-0.4729633927345276,-0.5298811197280884,-0.2867995500564575,-0.39409178495407104,-0.4519782066345215,-0.5040202438831329,-0.2571426033973694,-0.3476061522960663,-0.39974427223205566,-0.44935303926467896
A,0.0,-0.07446962594985962,-0.12566089630126953,-0.1480116844177246,-0.15805500745773315,-0.09892088174819946,-0.10677838325500488,-0.10802453756332397,-0.10622411966323853,-0.04918462038040161,-0.06102269887924194,-0.06568688154220581,-0.07289963960647583,-0.004456698894500732,-0.015262424945831299,-0.025347113609313965,-0.03535181283950806,0.04417449235916138,0.027966737747192383,0.0174863338470459,0.007112443447113037,0.0,-0.043966591358184814,-0.13815969228744507,-0.23328518867492676,-0.30908507108688354,-0.2914854884147644,-0.3965769410133362,-0.455555260181427,-0.5102734267711639,-0.3031997084617615,-0.4201543629169464,-0.47927767038345337,-0.5360194146633148,-0.2926863431930542,-0.39988988637924194,-0.4576607048511505,-0.5085285007953644,-0.26291346549987793,-0.3542415499687195,-0.4058389961719513,-0.4543348550796509
A,0.0,-0.07363104820251465,-0.12494373321533203,-0.1483507752418518,-0.16484946012496948,-0.09579837322235107,-0.10509437322616577,-0.10760855674743652,-0.10707104206085205,-0.04764103889465332,-0.05941849946975708,-0.06602466106414795,-0.07411634922027588,-0.0036548972129821777,-0.014969110488891602,-0.025259852409362793,-0.03519463539123535,0.04331880807876587,0.0288999080657959,0.01874774694442749,0.009076356887817383,0.0,-0.04611313343048096,-0.14099568128585815,-0.234011709690094,-0.3079026937484741,-0.2967137098312378,-0.4019412398338318,-0.461021363735199,-0.5159847140312195,-0.3076796531677246,-0.4256366491317749,-0.4871838688850403,-0.5436569154262543,-0.29644066095352173,-0.40511977672576904,-0.46406227350234985,-0.5149369537830353,-0.2656037211418152,-0.35748469829559326,-0.4103279411792755,-0.45881223678588867
A,0.0,-0.07958227396011353,-0.13078951835632324,-0.1539495587348938,-0.16818785667419434,-0.10321909189224243,-0.11284339427947998,-0.11382025480270386,-0.1121518611907959,-0.05280488729476929,-0.0655285120010376,-0.07131820917129517,-0.07974636554718018,-0.008464395999908447,-0.020148277282714844,-0.030215561389923096,-0.03940999507904053,0.04128444194793701,0.025274574756622314,0.014923274517059326,0.0055242180824279785,0.0,-0.04788774251937866,-0.14366543292999268,-0.23914235830307007,-0.3144642114639282,-0.3004525303840637,-0.4096042811870575,-0.4689582586288452,-0.5244033634662628,-0.3114559054374695,-0.4315737783908844,-0.49391788244247437,-0.5507427155971527,-0.3008192181587219,-0.40954047441482544,-0.46895796060562134,-0.5187445878982544,-0.27138078212738037,-0.36449193954467773,-0.4167407155036926,-0.46393221616744995
A,0.0,-0.07681608200073242,-0.12444508075714111,-0.14412587881088257,-0.15875953435897827,-0.10078936815261841,-0.11119627952575684,-0.11146265268325806,-0.10856670141220093,-0.05021512508392334,-0.06392848491668701,-0.06833207607269287,-0.07641375064849854,-0.0056192874908447266,-0.017166852951049805,-0.02828383445739746,-0.03850275278091431,0.04674720764160156,0.028132498264312744,0.01666349172592163,0.005131423473358154,0.0,-0.05206829309463501,-0.1491987109184265,-0.2432725429534912,-0.31754976511001587,-0.30507367849349976,-0.4100479483604431,-0.46613889932632446,-0.522066056728363,-0.31587132811546326,-0.43269267678260803,-0.4909059405326843,-0.5507932305335999,-0.3036031723022461,-0.4109867811203003,-0.4681130647659302,-0.5182807743549347,-0.2718930244445801,-0.3659864068031311,-0.41876310110092163,-0.46877315640449524
A,0.0,-0.07844477891921997,-0.12751084566116333,-0.1454644799232483,-0.16120052337646484,-0.09904325008392334,-0.10829693078994751,-0.10947442054748535,-0.10789811611175537,-0.04919558763504028,-0.06245237588882446,-0.06878894567489624,-0.076870858669281,-0.005449056625366211,-0.01673710346221924,-0.02732163667678833,-0.037474632263183594,0.044382333755493164,0.029656052589416504,0.01960897445678711,0.009231030941009521,0.0,-0.05113941431045532,-0.14165419340133667,-0.23689556121826172,-0.31647273898124695,-0.3024526834487915,-0.4096281826496124,-0.46936455368995667,-0.5269632041454315,-0.3143538236618042,-0.4335627555847168,-0.49578994512557983,-0.5549692809581757,-0.30316323041915894,-0.4118770360946655,-0.4701627194881439,-0.5199902653694153,-0.27209722995758057,-0.36506736278533936,-0.4173305630683899,-0.4647250175476074
A,0.0,-0.07630276679992676,-0.1212664246559143,-0.14013487100601196,-0.15783023834228516,-0.09349483251571655,-0.10208451747894287,-0.10332155227661133,-0.10120123624801636,-0.04415494203567505,-0.055748820304870605,-0.060240983963012695,-0.0680496096611023,-0.0018224716186523438,-0.011694192886352539,-0.022374987602233887,-0.03267556428909302,0.04834026098251343,0.034752726554870605,0.02507251501083374,0.014239072799682617,0.0,-0.051315903663635254,-0.1443631649017334,-0.23997163772583008,-0.31805726885795593,-0.30239635705947876,-0.40447455644607544,-0.45914408564567566,-0.5150266289710999,-0.3145419955253601,-0.4292472004890442,-0.48637211322784424,-0.5456461310386658,-0.3028377592563629,-0.40834975242614746,-0.4641537666320801,-0.5137008428573608,-0.27052706480026245,-0.36289840936660767,-0.41477862000465393,-0.46442967653274536
A,0.0,-0.07641172409057617,-0.12348991632461548,-0.14124912023544312,-0.15641725063323975,-0.09481942653656006,-0.10491329431533813,-0.10547715425491333,-0.10224765539169312,-0.045739173889160156,-0.058416664600372314,-0.06258910894393921,-0.06906217336654663,-0.002718687057495117,-0.01297849416732788,-0.02315157651901245,-0.03342169523239136,0.0471881628036499,0.03313404321670532,0.022572576999664307,0.010678768157958984,0.0,-0.05070012807846069,-0.14348489046096802,-0.23903805017471313,-0.3174360990524292,-0.29968804121017456,-0.4021458923816681,-0.45877039432525635,-0.5154371559619904,-0.3120972812175751,-0.42615216970443726,-0.48583370447158813,-0.5462974905967712,-0.3006902039051056,-0.4070930480957031,-0.4651376008987427,-0.5164479911327362,-0.26917290687561035,-0.360557496547699,-0.413654088973999,-0.46415790915489197
A,0.0,-0.07579302787780762,-0.12398147583007812,-0.1415746808052063,-0.15684962272644043,-0.09523606300354004,-0.10502105951309204,-0.10497468709945679,-0.10115373134613037,-0.04571133852005005,-0.05828523635864258,-0.06216621398925781,-0.06805390119552612,-0.0020084381103515625,-0.01263570785522461,-0.022205233573913574,-0.03181588649749756,0.04786252975463867,0.03437483310699463,0.02400451898574829,0.012248694896697998,0.0,-0.04929506778717041,-0.14419680833816528,-0.24092620611190796,-0.3208100199699402,-0.2979099154472351,-0.4029719829559326,-0.4598633646965027,-0.5158460140228271,-0.31048718094825745,-0.42724359035491943,-0.4874526560306549,-0.5461830496788025,-0.2994382679462433,-0.40693554282188416,-0.46513277292251587,-0.5156065821647644,-0.26915764808654785,-0.36122915148735046,-0.41408389806747437,-0.46311575174331665
A,0.0,-0.0760946273803711,-0.12284654378890991,-0.13977748155593872,-0.1552596092224121,-0.09650152921676636,-0.10527408123016357,-0.10515916347503662,-0.10146814584732056,-0.04565858840942383,-0.05770224332809448,-0.06142568588256836,-0.0679364800453186,-0.0028290748596191406,-0.012327432632446289,-0.022055864334106445,-0.03076910972595215,0.04803431034088135,0.033181607723236084,0.02322930097579956,0.012424767017364502,0.0,-0.048909902572631836,-0.14394724369049072,-0.24148577451705933,-0.3205059766769409,-0.30089545249938965,-0.4052284359931946,-0.462493360042572,-0.5186741352081299,-0.3136902451515198,-0.43134361505508423,-0.49104809761047363,-0.5504913032054901,-0.3021100163459778,-0.40937358140945435,-0.4668574929237366,-0.5163766443729401,-0.26972460746765137,-0.363396018743515,-0.4155396819114685,-0.4642821252346039
A,0.0,-0.07799959182739258,-0.12670719623565674,-0.1443660855293274,-0.16014784574508667,-0.09550464153289795,-0.10425394773483276,-0.10455334186553955,-0.10139697790145874,-0.045104801654815674,-0.05698436498641968,-0.06152677536010742,-0.06799119710922241,-0.0007255673408508301,-0.011581182479858398,-0.02169090509414673,-0.031229257583618164,0.049475669860839844,0.03601902723312378,0.02537238597869873,0.01347970962524414,0.0,-0.04727518558502197,-0.14505130052566528,-0.24345505237579346,-0.32363319396972656,-0.3052234649658203,-0.41678929328918457,-0.4783615469932556,-0.5364264249801636,-0.3174355626106262,-0.44081997871398926,-0.505488932132721,-0.5641615092754364,-0.30574846267700195,-0.4187561869621277,-0.4809412658214569,-0.5340502262115479,-0.2736356854438782,-0.36903971433639526,-0.42396092414855957,-0.47469520568847656
A,0.0,-0.07965213060379028,-0.1264593005180359,-0.14453083276748657,-0.15997809171676636,-0.09735238552093506,-0.10551846027374268,-0.10617107152938843,-0.10309392213821411,-0.045569658279418945,-0.05796295404434204,-0.06194174289703369,-0.06923216581344604,-0.0018232464790344238,-0.011463642120361328,-0.022030115127563477,-0.031499505043029785,0.05075591802597046,0.036478519439697266,0.025918424129486084,0.013951599597930908,0.0,-0.05153006315231323,-0.15204185247421265,-0.25297605991363525,-0.33394724130630493,-0.3129642605781555,-0.420579731464386,-0.48007431626319885,-0.5394338071346283,-0.3263895511627197,-0.4467689096927643,-0.5074819624423981,-0.5705633759498596,-0.31434011459350586,-0.42577433586120605,-0.4867262840270996,-0.5399537682533264,-0.27948760986328125,-0.37631380558013916,-0.43210941553115845,-0.4854806363582611
B,0.0,-0.0814167857170105,-0.14865416288375854,-0.17808222770690918,-0.2037014365196228,-0.12099719047546387,-0.13150829076766968,-0.11498677730560303,-0.10805779695510864,-0.06621211767196655,-0.07607674598693848,-0.0720180869102478,-0.07065099477767944,-0.016957104206085205,-0.0232846736907959,-0.02649843692779541,-0.024790287017822266,0.030909240245819092,0.02636486291885376,0.018487274646759033,0.020544052124023438,0.0,-0.007763266563415527,-0.10426944494247437,-0.207344651222229,-0.2722141742706299,-0.19738581776618958,-0.26958274841308594,-0.18478143215179443,-0.16807031631469727,-0.20076417922973633,-0.2625430226325989,-0.15916529297828674,-0.16468828916549683,-0.1962047517299652,-0.25196364521980286,-0.1530316174030304,-0.15451845526695251,-0.19221234321594238,-0.23199951648712158,-0.16192632913589478,-0.14897599816322327
B,0.0,-0.07425057888031006,-0.14782917499542236,-0.17626208066940308,-0.1903960108757019,-0.12878626585006714,-0.12899184226989746,-0.1128503680229187,-0.10788679122924805,-0.07595419883728027,-0.07822525501251221,-0.06960541009902954,-0.07010126113891602,-0.0272333025932312,-0.025314033031463623,-0.02372342348098755,-0.025591492652893066,0.021636009216308594,0.021835148334503174,0.021191895008087158,0.020165681838989258,0.0,0.017322123050689697,-0.08469891548156738,-0.196437269449234,-0.26489460468292236,-0.18845748901367188,-0.260126531124115,-0.1764247715473175,-0.1543416678905487,-0.19715923070907593,-0.25890785455703735,-0.1537991464138031,-0.14782273769378662,-0.19647088646888733,-0.25509464740753174,-0.15294569730758667,-0.14060112833976746,-0.19640448689460754,-0.23766791820526123,-0.16190192103385925,-0.14260926842689514
B,0.0,-0.06991177797317505,-0.14837956428527832,-0.17862194776535034,-0.194696843624115,-0.1336228847503662,-0.13323158025741577,-0.11475300788879395,-0.109893798828125,-0.08161395788192749,-0.08241206407546997,-0.07129859924316406,-0.07419067621231079,-0.033514440059661865,-0.02944248914718628,-0.026625394821166992,-0.03131228685379028,0.014832794666290283,0.01534205675125122,0.016634762287139893,0.014795839786529541,0.0,0.023147761821746826,-0.07692116498947144,-0.19150936603546143,-0.2598886489868164,-0.18268856406211853,-0.2542741000652313,-0.17105633020401,-0.14855846762657166,-0.19538721442222595,-0.2582119107246399,-0.15272805094718933,-0.14509350061416626,-0.19771632552146912,-0.2563626766204834,-0.15482178330421448,-0.14152607321739197,-0.20101061463356018,-0.24189668893814087,-0.1664881706237793,-0.14754170179367065
B,0.0,-0.06996989250183105,-0.14696085453033447,-0.17521429061889648,-0.18961668014526367,-0.13089603185653687,-0.13243305683135986,-0.1157684326171875,-0.10964757204055786,-0.07859015464782715,-0.0836896300315857,-0.07403326034545898,-0.07336503267288208,-0.029702842235565186,-0.03102952241897583,-0.028842926025390625,-0.029118120670318604,0.019635379314422607,0.01737236976623535,0.015591740608215332,0.01460951566696167,0.0,0.019633352756500244,-0.07999074459075928,-0.1939784586429596,-0.2655508816242218,-0.19052532315254211,-0.2602248787879944,-0.17563194036483765,-0.15215331315994263,-0.202449232339859,-0.2635355293750763,-0.15752363204956055,-0.15240907669067383,-0.20326775312423706,-0.26332610845565796,-0.1602386236190796,-0.14779171347618103,-0.2054542899131775,-0.24758338928222656,-0.17137238383293152,-0.15188434720039368
B,0.0,-0.07204514741897583,-0.14860236644744873,-0.17600899934768677,-0.1894683837890625,-0.1285296082496643,-0.13219517469406128,-0.11470925807952881,-0.10841107368469238,-0.07523775100708008,-0.08246248960494995,-0.07235181331634521,-0.07252758741378784,-0.025378167629241943,-0.02938055992126465,-0.02629077434539795,-0.02720630168914795,0.024189472198486328,0.019400179386138916,0.018976032733917236,0.018813371658325195,0.0,0.02088797092437744,-0.08144354820251465,-0.19763058423995972,-0.2686997950077057,-0.18844670057296753,-0.2607695758342743,-0.1749941110610962,-0.1516556441783905,-0.1999971568584442,-0.2645409107208252,-0.1590312421321869,-0.1525045931339264,-0.20132040977478027,-0.26481932401657104,-0.16173061728477478,-0.14808687567710876,-0.2039165496826172,-0.24587184190750122,-0.16974079608917236,-0.14977890253067017
B,0.0,-0.07232809066772461,-0.14758384227752686,-0.17627310752868652,-0.19005733728408813,-0.12890690565109253,-0.13235896825790405,-0.11580294370651245,-0.10969829559326172,-0.07496243715286255,-0.08290547132492065,-0.07405519485473633,-0.07306045293807983,-0.024595022201538086,-0.028806567192077637,-0.027171194553375244,-0.02708125114440918,0.025454998016357422,0.021137237548828125,0.01873922348022461,0.018327713012695312,0.0,0.016502439975738525,-0.08501046895980835,-0.1993473768234253,-0.2707221508026123,-0.19177407026290894,-0.26290667057037354,-0.1769808828830719,-0.15534985065460205,-0.20334351062774658,-0.26700153946876526,-0.1605382263660431,-0.1552022099494934,-0.20421552658081055,-0.2670920491218567,-0.16340193152427673,-0.15116971731185913,-0.205673485994339,-0.24861788749694824,-0.17233902215957642,-0.15285474061965942
B,0.0,-0.0742294192314148,-0.15008759498596191,-0.17849695682525635,-0.19157320261001587,-0.13104915618896484,-0.1327771544456482,-0.11678361892700195,-0.11204975843429565,-0.07735592126846313,-0.08206868171691895,-0.07392418384552002,-0.07477861642837524,-0.02742457389831543,-0.02834904193878174,-0.027683019638061523,-0.02863180637359619,0.02255380153656006,0.020053505897521973,0.01702249050140381,0.015881776809692383,0.0,0.015289664268493652,-0.08531004190444946,-0.19823399186134338,-0.27046650648117065,-0.19678166508674622,-0.2656298577785492,-0.1793173849582672,-0.1597258746623993,-0.2077198624610901,-0.2688242793083191,-0.16237342357635498,-0.15940025448799133,-0.20739015936851501,-0.2686627507209778,-0.1658070683479309,-0.15434038639068604,-0.20756331086158752,-0.2499941885471344,-0.17489910125732422,-0.1564563512802124
B,0.0,-0.07188975811004639,-0.1503767967224121,-0.1767747402191162,-0.18880510330200195,-0.1303422451019287,-0.13005244731903076,-0.11443054676055908,-0.11124485731124878,-0.07630288600921631,-0.08065086603164673,-0.07214266061782837,-0.07439446449279785,-0.02618330717086792,-0.027192115783691406,-0.025976061820983887,-0.02762293815612793,0.02396327257156372,0.02199786901473999,0.02016735076904297,0.019120752811431885,0.0,0.021417677402496338,-0.08239108324050903,-0.20183277130126953,-0.27264147996902466,-0.19419905543327332,-0.26307642459869385,-0.17626509070396423,-0.15779832005500793,-0.20438134670257568,-0.2670063376426697,-0.15867406129837036,-0.15584462881088257,-0.20468199253082275,-0.2665989398956299,-0.1618773341178894,-0.1510998010635376,-0.20701485872268677,-0.2473977506160736,-0.16975510120391846,-0.1517404019832611
B,0.0,-0.07455122470855713,-0.14855194091796875,-0.17548424005508423,-0.18909209966659546,-0.12995576858520508,-0.1292482614517212,-0.11418747901916504,-0.11056387424468994,-0.07596433162689209,-0.07917314767837524,-0.07233291864395142,-0.07455402612686157,-0.025810420513153076,-0.025525689125061035,-0.026283860206604004,-0.028702974319458008,0.024325191974639893,0.02389436960220337,0.01987999677658081,0.017597496509552002,0.0,0.015882670879364014,-0.08586037158966064,-0.20023292303085327,-0.2729771137237549,-0.19886422157287598,-0.2685704827308655,-0.1807417869567871,-0.16006678342819214,-0.20880398154258728,-0.2703569531440735,-0.16151902079582214,-0.15954190492630005,-0.20873913168907166,-0.2695356607437134,-0.16361179947853088,-0.15376996994018555,-0.2100255787372589,-0.2517605125904083,-0.17387500405311584,-0.15556800365447998
B,0.0,-0.07099509239196777,-0.14534229040145874,-0.1730104684829712,-0.18640011548995972,-0.12695318460464478,-0.1267208456993103,-0.11099106073379517,-0.10737383365631104,-0.07197833061218262,-0.07585227489471436,-0.06859332323074341,-0.07106131315231323,-0.020880043506622314,-0.021407365798950195,-0.02161848545074463,-0.024816393852233887,0.029124677181243896,0.02698737382888794,0.0250360369682312,0.02375739812850952,0.0,0.01620793342590332,-0.08527398109436035,-0.20040035247802734,-0.2726828455924988,-0.19569054245948792,-0.26695746183395386,-0.18025043606758118,-0.15858829021453857,-0.20562484860420227,-0.2699909806251526,-0.16326189041137695,-0.15812638401985168,-0.20462945103645325,-0.2690432071685791,-0.16626039147377014,-0.15430998802185059,-0.20413148403167725,-0.24630272388458252,-0.1711907982826233,-0.15347939729690552
B,0.0,-0.07353091239929199,-0.1472187638282776,-0.17410045862197876,-0.18767952919006348,-0.12999695539474487,-0.12915939092636108,-0.11247414350509644,-0.10866284370422363,-0.07414823770523071,-0.07691222429275513,-0.06918877363204956,-0.07276076078414917,-0.02246856689453125,-0.02243870496749878,-0.022592008113861084,-0.026194274425506592,0.02747631072998047,0.02603888511657715,0.023798823356628418,0.022397935390472412,0.0,0.014936447143554688,-0.08440500497817993,-0.1980832815170288,-0.26933446526527405,-0.19551995396614075,-0.266149640083313,-0.1789526641368866,-0.15941452980041504,-0.20572856068611145,-0.26949357986450195,-0.16171526908874512,-0.1599656343460083,-0.2053946554660797,-0.26939570903778076,-0.16619732975959778,-0.1571730375289917,-0.2055743932723999,-0.2454165518283844,-0.17005866765975952,-0.15477824211120605
B,0.0,-0.07628434896469116,-0.14591693878173828,-0.1732347011566162,-0.18726855516433716,-0.1301734447479248,-0.12911051511764526,-0.11229324340820312,-0.10868126153945923,-0.07574605941772461,-0.07740062475204468,-0.07040894031524658,-0.07387036085128784,-0.02459639310836792,-0.023689866065979004,-0.024241387844085693,-0.027968108654022217,0.025124013423919678,0.02538001537322998,0.021391987800598145,0.019224464893341064,0.0,0.008578658103942871,-0.08956408500671387,-0.19956615567207336,-0.27376070618629456,-0.2027226984500885,-0.2722170054912567,-0.1847412884235382,-0.165878027677536,-0.2111898958683014,-0.27431392669677734,-0.16657671332359314,-0.16947048902511597,-0.20922428369522095,-0.27061229944229126,-0.16859951615333557,-0.16516363620758057,-0.2073487937450409,-0.2479921579360962,-0.1739690899848938,-0.16015762090682983
B,0.0,-0.07314473390579224,-0.1473274827003479,-0.1746264100074768,-0.1886715292930603,-0.13013815879821777,-0.12987542152404785,-0.11278373003005981,-0.10915207862854004,-0.07665330171585083,-0.07975572347640991,-0.07171386480331421,-0.07490760087966919,-0.026055991649627686,-0.025620698928833008,-0.02474069595336914,-0.02818208932876587,0.023928463459014893,0.0238075852394104,0.021289408206939697,0.01944953203201294,0.0,0.016360878944396973,-0.08299863338470459,-0.196395605802536,-0.2693212330341339,-0.19898855686187744,-0.2672067880630493,-0.1798688769340515,-0.16137424111366272,-0.20870542526245117,-0.2696290612220764,-0.16197046637535095,-0.16215085983276367,-0.20835405588150024,-0.267983615398407,-0.1638772189617157,-0.15678000450134277,-0.20931726694107056,-0.24904227256774902,-0.17281684279441833,-0.1571907103061676
B,0.0,-0.07719260454177856,-0.1482974886894226,-0.17422020435333252,-0.18847501277923584,-0.1311977505683899,-0.13117575645446777,-0.11456960439682007,-0.11053276062011719,-0.07721275091171265,-0.08070230484008789,-0.07324683666229248,-0.07549577951431274,-0.02655857801437378,-0.026928484439849854,-0.027229905128479004,-0.029953956604003906,0.023830175399780273,0.02260059118270874,0.018820464611053467,0.017123281955718994,0.0,0.011996448040008545,-0.08595287799835205,-0.19737446308135986,-0.27111032605171204,-0.19893589615821838,-0.26820260286331177,-0.1820504069328308,-0.16214770078659058,-0.20887991786003113,-0.27052780985832214,-0.16410726308822632,-0.16457560658454895,-0.20775076746940613,-0.2686113715171814,-0.16697347164154053,-0.1613088846206665,-0.20693638920783997,-0.24799466133117676,-0.17367622256278992,-0.15837818384170532
B,0.0,-0.0754927396774292,-0.14705079793930054,-0.1748868227005005,-0.18960022926330566,-0.1306166648864746,-0.13098210096359253,-0.11385178565979004,-0.10990136861801147,-0.07620435953140259,-0.07916581630706787,-0.07234615087509155,-0.07597339153289795,-0.02568608522415161,-0.02513599395751953,-0.025955557823181152,-0.029956459999084473,0.02355092763900757,0.02393805980682373,0.01965433359146118,0.017234981060028076,0.0,0.010871648788452148,-0.08712255954742432,-0.19585570693016052,-0.26848679780960083,-0.19903749227523804,-0.2689982056617737,-0.18093588948249817,-0.16278481483459473,-0.20850175619125366,-0.2706039547920227,-0.16246548295021057,-0.1647104024887085,-0.20825162529945374,-0.2688884735107422,-0.16461575031280518,-0.16021350026130676,-0.20848920941352844,-0.24969711899757385,-0.17379939556121826,-0.15858468413352966
B,0.0,-0.07778704166412354,-0.1458665132522583,-0.17295706272125244,-0.18936890363693237,-0.12719380855560303,-0.12872397899627686,-0.11324292421340942,-0.10738897323608398,-0.0731232762336731,-0.07628917694091797,-0.07134437561035156,-0.07260596752166748,-0.023297905921936035,-0.02266019582748413,-0.025581955909729004,-0.027800261974334717,0.025617480278015137,0.02619880437850952,0.019851326942443848,0.01751953363418579,0.0,0.00030618906021118164,-0.09438365697860718,-0.20085632801055908,-0.2753852605819702,-0.20336318016052246,-0.2744830846786499,-0.1870853304862976,-0.16375595331192017,-0.2112046480178833,-0.27561500668525696,-0.16867253184318542,-0.1667952537536621,-0.20969891548156738,-0.27351200580596924,-0.17035526037216187,-0.16137567162513733,-0.2073897123336792,-0.25224024057388306,-0.1783575415611267,-0.16074669361114502
B,0.0,-0.07576960325241089,-0.14496082067489624,-0.17394816875457764,-0.19097638130187988,-0.12802642583847046,-0.12794554233551025,-0.1117098331451416,-0.10759031772613525,-0.0730774998664856,-0.07568162679672241,-0.06986325979232788,-0.07288938760757446,-0.022710204124450684,-0.02202439308166504,-0.02409154176712036,-0.027160346508026123,0.025658905506134033,0.026732563972473145,0.02063506841659546,0.018153846263885498,0.0,0.0022374987602233887,-0.09216576814651489,-0.1993582546710968,-0.2730558514595032,-0.20130157470703125,-0.2703756093978882,-0.18302017450332642,-0.1645049750804901,-0.2096496820449829,-0.27159953117370605,-0.16451847553253174,-0.16798362135887146,-0.20867058634757996,-0.2701025903224945,-0.16816237568855286,-0.16363850235939026,-0.20710977911949158,-0.24903684854507446,-0.1756233274936676,-0.16031429171562195
